{
	"partitions" : [
		{
			"name" : "Top",
			"pins" : [
				{
					"name" : "VGA_G[0]",
					"strict" : false
				},
				{
					"name" : "SDR_CS_n",
					"strict" : false
				},
				{
					"name" : "SDR_RAS_n",
					"strict" : false
				},
				{
					"name" : "SDR_CAS_n",
					"strict" : false
				},
				{
					"name" : "SDR_WE_n",
					"strict" : false
				},
				{
					"name" : "SDR_A[0]",
					"strict" : false
				},
				{
					"name" : "SDR_A[1]",
					"strict" : false
				},
				{
					"name" : "SDR_A[2]",
					"strict" : false
				},
				{
					"name" : "SDR_A[3]",
					"strict" : false
				},
				{
					"name" : "SDR_A[4]",
					"strict" : false
				},
				{
					"name" : "SDR_A[5]",
					"strict" : false
				},
				{
					"name" : "SDR_A[6]",
					"strict" : false
				},
				{
					"name" : "SDR_A[7]",
					"strict" : false
				},
				{
					"name" : "SDR_A[8]",
					"strict" : false
				},
				{
					"name" : "SDR_A[9]",
					"strict" : false
				},
				{
					"name" : "SDR_A[10]",
					"strict" : false
				},
				{
					"name" : "SDR_A[11]",
					"strict" : false
				},
				{
					"name" : "SDR_A[12]",
					"strict" : false
				},
				{
					"name" : "SDR_BA[0]",
					"strict" : false
				},
				{
					"name" : "SDR_BA[1]",
					"strict" : false
				},
				{
					"name" : "LEDOUT_UART_TX",
					"strict" : false
				},
				{
					"name" : "SDR_DQM[0]",
					"strict" : false
				},
				{
					"name" : "SDR_DQM[1]",
					"strict" : false
				},
				{
					"name" : "SDR_DQ[0]",
					"strict" : false
				},
				{
					"name" : "SDR_DQ[1]",
					"strict" : false
				},
				{
					"name" : "SDR_DQ[2]",
					"strict" : false
				},
				{
					"name" : "SDR_DQ[3]",
					"strict" : false
				},
				{
					"name" : "SDR_DQ[4]",
					"strict" : false
				},
				{
					"name" : "SDR_DQ[5]",
					"strict" : false
				},
				{
					"name" : "SDR_DQ[6]",
					"strict" : false
				},
				{
					"name" : "SDR_DQ[7]",
					"strict" : false
				},
				{
					"name" : "SDR_DQ[8]",
					"strict" : false
				},
				{
					"name" : "SDR_DQ[9]",
					"strict" : false
				},
				{
					"name" : "SDR_DQ[10]",
					"strict" : false
				},
				{
					"name" : "SDR_DQ[11]",
					"strict" : false
				},
				{
					"name" : "SDR_DQ[12]",
					"strict" : false
				},
				{
					"name" : "SDR_DQ[13]",
					"strict" : false
				},
				{
					"name" : "SDR_DQ[14]",
					"strict" : false
				},
				{
					"name" : "SDR_DQ[15]",
					"strict" : false
				},
				{
					"name" : "nRST",
					"strict" : false
				},
				{
					"name" : "KEYIN_UART_RX",
					"strict" : false
				},
				{
					"name" : "altera_reserved_tms",
					"strict" : false
				},
				{
					"name" : "altera_reserved_tck",
					"strict" : false
				},
				{
					"name" : "altera_reserved_tdi",
					"strict" : false
				},
				{
					"name" : "altera_reserved_tdo",
					"strict" : false
				}
			]
		}
	]
}